row_index,pairId,entryId,artefact,table_id,summary_idx,question_idx,question_text,rendered_path,variant_a,variant_b
"0","datahub_2_s1_q1_gen1_sug4.png__gen1_sug2.png","datahub_2_s1_q1_gen1_sug4.png__gen1_sug2.png","datahub","2","1","1","How has the annual average price of gold evolved from 1833 through 2025 across major historical periods?","charts/datahub/2/sum1_ques1","gen1_sug4.png","gen1_sug2.png"
"1","datahub_1_s1_q1_gen2_sug1.png__gen2_sug3.png","datahub_1_s1_q1_gen2_sug1.png__gen2_sug3.png","datahub","1","1","1","How has global mean sea level change evolved across the yearly time span covered by the dataset?","charts/datahub/1/sum1_ques1","gen2_sug1.png","gen2_sug3.png"
"2","datahub_1_s1_q1_gen2_sug1.png__gen1_sug3.png","datahub_1_s1_q1_gen2_sug1.png__gen1_sug3.png","datahub","1","1","1","How has global mean sea level change evolved across the yearly time span covered by the dataset?","charts/datahub/1/sum1_ques1","gen2_sug1.png","gen1_sug3.png"
"3","datahub_1_s1_q6_gen4_sug2.png__gen4_sug1.png","datahub_1_s1_q6_gen4_sug2.png__gen4_sug1.png","datahub","1","1","6","What periods exhibit relatively stable versus highly variable global mean sea level change over consecutive years?","charts/datahub/1/sum1_ques6","gen4_sug2.png","gen4_sug1.png"
"4","datahub_0_s1_q6_gen1_sug4.png__gen2_sug1.png","datahub_0_s1_q6_gen1_sug4.png__gen2_sug1.png","datahub","0","1","6","How closely do monthly global mean sea level measurements track the smoothed values throughout the time series?","charts/datahub/0/sum1_ques6","gen1_sug4.png","gen2_sug1.png"
"5","datahub_0_s1_q6_gen1_sug3.png__gen1_sug1.png","datahub_0_s1_q6_gen1_sug3.png__gen1_sug1.png","datahub","0","1","6","How closely do monthly global mean sea level measurements track the smoothed values throughout the time series?","charts/datahub/0/sum1_ques6","gen1_sug3.png","gen1_sug1.png"
"6","datahub_0_s1_q3_gen1_sug1_fixed.png__gen2_sug2.png","datahub_0_s1_q3_gen1_sug1_fixed.png__gen2_sug2.png","datahub","0","1","3","During which time periods does the monthly global mean sea level show the greatest deviations from the smoothed trend?","charts/datahub/0/sum1_ques3","gen1_sug1_fixed.png","gen2_sug2.png"
"7","datahub_7_s4_q4_gen1_sug4.png__gen4_sug2.png","datahub_7_s4_q4_gen1_sug4.png__gen4_sug2.png","datahub","7","4","4","Are there matches where high foul counts do not result in any red cards, indicating potential disciplinary anomalies?","charts/datahub/7/sum4_ques4","gen1_sug4.png","gen4_sug2.png"
"8","datahub_9_s1_q6_gen2_sug1.png__gen2_sug6.png","datahub_9_s1_q6_gen2_sug1.png__gen2_sug6.png","datahub","9","1","6","Are there outlier models whose training compute cost is unusually high relative to their parameter count?","charts/datahub/9/sum1_ques6","gen2_sug1.png","gen2_sug6.png"
"9","datahub_10_s3_q1_gen2_sug1.png__gen1_sug4.png","datahub_10_s3_q1_gen2_sug1.png__gen1_sug4.png","datahub","10","3","1","How does the typical training dataset size vary across different model domains?","charts/datahub/10/sum3_ques1","gen2_sug1.png","gen1_sug4.png"
"10","datahub_10_s1_q1_gen2_sug2.png__gen2_sug3.png","datahub_10_s1_q1_gen2_sug2.png__gen2_sug3.png","datahub","10","1","1","How have reported parameter counts of AI models changed over publication dates?","charts/datahub/10/sum1_ques1","gen2_sug2.png","gen2_sug3.png"
"11","datahub_10_s1_q1_gen1_sug3.png__gen2_sug2.png","datahub_10_s1_q1_gen1_sug3.png__gen2_sug2.png","datahub","10","1","1","How have reported parameter counts of AI models changed over publication dates?","charts/datahub/10/sum1_ques1","gen1_sug3.png","gen2_sug2.png"
"12","datahub_0_s1_q2_gen2_sug1.png__gen2_sug4.png","datahub_0_s1_q2_gen2_sug1.png__gen2_sug4.png","datahub","0","1","2","During which decades does the long-term sea level trend appear to accelerate most noticeably?","charts/datahub/0/sum1_ques2","gen2_sug1.png","gen2_sug4.png"
"13","datahub_0_s1_q5_gen2_sug1.png__gen2_sug2.png","datahub_0_s1_q5_gen2_sug1.png__gen2_sug2.png","datahub","0","1","5","Are there identifiable periods where monthly sea level values fluctuate widely while the smoothed trend remains relatively stable?","charts/datahub/0/sum1_ques5","gen2_sug1.png","gen2_sug2.png"
"14","datahub_1_s1_q1_gen2_sug1.png__gen2_sug2.png","datahub_1_s1_q1_gen2_sug1.png__gen2_sug2.png","datahub","1","1","1","How has the global average sea level change evolved from the early 1990s to 2019?","charts/datahub/1/sum1_ques1","gen2_sug1.png","gen2_sug2.png"
"15","datahub_1_s1_q1_gen2_sug4.png__gen2_sug2.png","datahub_1_s1_q1_gen2_sug4.png__gen2_sug2.png","datahub","1","1","1","How has the global average sea level change evolved from the early 1990s to 2019?","charts/datahub/1/sum1_ques1","gen2_sug4.png","gen2_sug2.png"
"16","datahub_1_s1_q5_gen2_sug2.png__gen2_sug4.png","datahub_1_s1_q5_gen2_sug2.png__gen2_sug4.png","datahub","1","1","5","How does the pace of sea level rise in the first decade after 1993 compare to the pace in the most recent decade?","charts/datahub/1/sum1_ques5","gen2_sug2.png","gen2_sug4.png"
"17","datahub_1_s1_q5_gen2_sug1.png__gen2_sug2.png","datahub_1_s1_q5_gen2_sug1.png__gen2_sug2.png","datahub","1","1","5","How does the pace of sea level rise in the first decade after 1993 compare to the pace in the most recent decade?","charts/datahub/1/sum1_ques5","gen2_sug1.png","gen2_sug2.png"
"18","datahub_1_s1_q7_gen2_sug1.png__gen2_sug2.png","datahub_1_s1_q7_gen2_sug1.png__gen2_sug2.png","datahub","1","1","7","Which consecutive years show a notably sharper jump in sea level compared to surrounding years?","charts/datahub/1/sum1_ques7","gen2_sug1.png","gen2_sug2.png"
"19","datahub_2_s1_q1_gen1_sug4.png__gen2_sug1.png","datahub_2_s1_q1_gen1_sug4.png__gen2_sug1.png","datahub","2","1","1","How has the average value of gold changed from the early 1830s to recent years like 2020 through 2025?","charts/datahub/2/sum1_ques1","gen1_sug4.png","gen2_sug1.png"
"20","datahub_2_s1_q6_gen2_sug1.png__gen2_sug4.png","datahub_2_s1_q6_gen2_sug1.png__gen2_sug4.png","datahub","2","1","6","How does the long flat pricing era around the mid‑1800s differ from the volatility seen after the 1970s?","charts/datahub/2/sum1_ques6","gen2_sug1.png","gen2_sug4.png"
"21","datahub_3_s1_q1_gen1_sug1.png__gen2_sug2.png","datahub_3_s1_q1_gen1_sug1.png__gen2_sug2.png","datahub","3","1","1","Which five countries recorded the highest total pharmaceutical spending in 2022?","charts/datahub/3/sum1_ques1","gen1_sug1.png","gen2_sug2.png"
"22","datahub_3_s1_q4_gen1_sug2.png__gen2_sug2.png","datahub_3_s1_q4_gen1_sug2.png__gen2_sug2.png","datahub","3","1","4","How does total pharmaceutical spending in Canada compare to Germany from 1980 through 2020?","charts/datahub/3/sum1_ques4","gen1_sug2.png","gen2_sug2.png"
"23","datahub_3_s3_q8_gen2_sug1.png__gen2_sug4.png","datahub_3_s3_q8_gen2_sug1.png__gen2_sug4.png","datahub","3","3","8","How does per person pharmaceutical spending relate to the share of health budgets spent on drugs across countries in the year 2019?","charts/datahub/3/sum3_ques8","gen2_sug1.png","gen2_sug4.png"
"24","datahub_4_s1_q1_gen1_sug1.png__gen1_sug6.png","datahub_4_s1_q1_gen1_sug1.png__gen1_sug6.png","datahub","4","1","1","Which countries spent the most on applied research in 2015?","charts/datahub/4/sum1_ques1","gen1_sug1.png","gen1_sug6.png"
"25","datahub_4_s1_q2_gen1_sug3.png__gen1_sug1.png","datahub_4_s1_q2_gen1_sug3.png__gen1_sug1.png","datahub","4","1","2","How has applied research spending changed over time in Australia from 1996 to 2015?","charts/datahub/4/sum1_ques2","gen1_sug3.png","gen1_sug1.png"
"26","datahub_4_s2_q6_gen1_sug4.png__gen2_sug2.png","datahub_4_s2_q6_gen1_sug4.png__gen2_sug2.png","datahub","4","2","6","Which countries show the sharpest increases in applied research spending between 2005 and 2015?","charts/datahub/4/sum2_ques6","gen1_sug4.png","gen2_sug2.png"
"27","datahub_5_s1_q4_gen1_sug1.png__gen2_sug1.png","datahub_5_s1_q4_gen1_sug1.png__gen2_sug1.png","datahub","5","1","4","Are there metro areas where unhealthy air days noticeably outnumber clean days, such as in Bakersfield or Stockton-Lodi?","charts/datahub/5/sum1_ques4","gen1_sug1.png","gen2_sug1.png"
"28","datahub_5_s1_q8_gen2_sug1.png__gen1_sug3.png","datahub_5_s1_q8_gen2_sug1.png__gen1_sug3.png","datahub","5","1","8","Which areas show unusually low numbers of clean air days despite having more than 360 days of air quality data available?","charts/datahub/5/sum1_ques8","gen2_sug1.png","gen1_sug3.png"
"29","datahub_5_s2_q1_gen1_sug4.png__gen1_sug3.png","datahub_5_s2_q1_gen1_sug4.png__gen1_sug3.png","datahub","5","2","1","Which five California regions show the largest gap between their worst pollution day and their typical yearly air quality, such as places reaching values above 400 versus medians below 40?","charts/datahub/5/sum2_ques1","gen1_sug4.png","gen1_sug3.png"
"30","datahub_5_s2_q1_gen1_sug4.png__gen2_sug1.png","datahub_5_s2_q1_gen1_sug4.png__gen2_sug1.png","datahub","5","2","1","Which five California regions show the largest gap between their worst pollution day and their typical yearly air quality, such as places reaching values above 400 versus medians below 40?","charts/datahub/5/sum2_ques1","gen1_sug4.png","gen2_sug1.png"
"31","datahub_5_s2_q7_gen1_sug1.png__gen2_sug4.png","datahub_5_s2_q7_gen1_sug1.png__gen2_sug4.png","datahub","5","2","7","How are California regions distributed when comparing their median pollution levels against their maximum recorded pollution values?","charts/datahub/5/sum2_ques7","gen1_sug1.png","gen2_sug4.png"
"32","datahub_5_s2_q8_gen2_sug1.png__gen2_sug2.png","datahub_5_s2_q8_gen2_sug1.png__gen2_sug2.png","datahub","5","2","8","Which regions stand out as outliers with unusually high maximum pollution values compared to most regions clustered below 200?","charts/datahub/5/sum2_ques8","gen2_sug1.png","gen2_sug2.png"
"33","datahub_5_s3_q6_gen1_sug2.png__gen2_sug1.png","datahub_5_s3_q6_gen1_sug2.png__gen2_sug1.png","datahub","5","3","6","How are ozone exceedance days distributed across all metros, from locations with fewer than 100 days to those exceeding 350 days?","charts/datahub/5/sum3_ques6","gen1_sug2.png","gen2_sug1.png"
"34","datahub_6_s1_q2_gen1_sug2.png__gen2_sug1.png","datahub_6_s1_q2_gen1_sug2.png__gen2_sug1.png","datahub","6","1","2","Which counties had the most days classified as very unhealthy or hazardous air quality during 2025?","charts/datahub/6/sum1_ques2","gen1_sug2.png","gen2_sug1.png"
"35","datahub_6_s1_q8_gen1_sug4.png__gen2_sug1.png","datahub_6_s1_q8_gen1_sug4.png__gen2_sug1.png","datahub","6","1","8","Which counties experienced more unhealthy days than good days during the 2025 reporting period?","charts/datahub/6/sum1_ques8","gen1_sug4.png","gen2_sug1.png"
"36","datahub_6_s3_q7_gen2_sug3.png__gen2_sug1.png","datahub_6_s3_q7_gen2_sug3.png__gen2_sug1.png","datahub","6","3","7","What is the relationship between fine particulate exceedance days and ozone exceedance days across all counties in 2025?","charts/datahub/6/sum3_ques7","gen2_sug3.png","gen2_sug1.png"
"37","datahub_6_s4_q3_gen1_sug1.png__gen2_sug3.png","datahub_6_s4_q3_gen1_sug1.png__gen2_sug3.png","datahub","6","4","3","How does the typical air quality level compare across states with very high ozone pollution days above 270?","charts/datahub/6/sum4_ques3","gen1_sug1.png","gen2_sug3.png"
"38","datahub_6_s4_q7_gen1_sug4.png__gen1_sug3.png","datahub_6_s4_q7_gen1_sug4.png__gen1_sug3.png","datahub","6","4","7","How does the number of days affected by ozone pollution differ between states with low versus high typical air quality levels?","charts/datahub/6/sum4_ques7","gen1_sug4.png","gen1_sug3.png"
"39","datahub_6_s4_q7_gen1_sug1.png__gen1_sug3.png","datahub_6_s4_q7_gen1_sug1.png__gen1_sug3.png","datahub","6","4","7","How does the number of days affected by ozone pollution differ between states with low versus high typical air quality levels?","charts/datahub/6/sum4_ques7","gen1_sug1.png","gen1_sug3.png"
"40","datahub_7_s2_q2_gen1_sug4.png__gen1_sug2.png","datahub_7_s2_q2_gen1_sug4.png__gen1_sug2.png","datahub","7","2","2","How does the number of goals scored relate to shots on target for away teams across the season?","charts/datahub/7/sum2_ques2","gen1_sug4.png","gen1_sug2.png"
"41","datahub_7_s2_q5_gen1_sug1.png__gen1_sug2.png","datahub_7_s2_q5_gen1_sug1.png__gen1_sug2.png","datahub","7","2","5","Which teams converted the highest percentage of their shots on target into goals when playing away from home?","charts/datahub/7/sum2_ques5","gen1_sug1.png","gen1_sug2.png"
"42","datahub_7_s2_q5_gen1_sug1.png__gen2_sug2.png","datahub_7_s2_q5_gen1_sug1.png__gen2_sug2.png","datahub","7","2","5","Which teams converted the highest percentage of their shots on target into goals when playing away from home?","charts/datahub/7/sum2_ques5","gen1_sug1.png","gen2_sug2.png"
"43","datahub_7_s2_q6_gen2_sug1.png__gen1_sug3.png","datahub_7_s2_q6_gen2_sug1.png__gen1_sug3.png","datahub","7","2","6","How does the distribution of goals per match differ between games with fewer than 10 total shots on target and those with 10 or more?","charts/datahub/7/sum2_ques6","gen2_sug1.png","gen1_sug3.png"
"44","datahub_7_s3_q1_gen2_sug3.png__gen2_sug1.png","datahub_7_s3_q1_gen2_sug3.png__gen2_sug1.png","datahub","7","3","1","Which five home teams average the most fouls committed per match over the 2025–26 season?","charts/datahub/7/sum3_ques1","gen2_sug3.png","gen2_sug1.png"
"45","datahub_7_s3_q8_gen1_sug2.png__gen1_sug1.png","datahub_7_s3_q8_gen1_sug2.png__gen1_sug1.png","datahub","7","3","8","How has the average number of cards per match changed from August 2025 to May 2026?","charts/datahub/7/sum3_ques8","gen1_sug2.png","gen1_sug1.png"
"46","datahub_7_s4_q1_gen2_sug1.png__gen2_sug2.png","datahub_7_s4_q1_gen2_sug1.png__gen2_sug2.png","datahub","7","4","1","How has the share of matches where the home side was leading at halftime but failed to win changed from August 2025 to May 2026?","charts/datahub/7/sum4_ques1","gen2_sug1.png","gen2_sug2.png"
"47","datahub_8_s1_q1_gen1_sug4.png__gen2_sug1.png","datahub_8_s1_q1_gen1_sug4.png__gen2_sug1.png","datahub","8","1","1","Which home teams most often converted a halftime lead into a full-time win?","charts/datahub/8/sum1_ques1","gen1_sug4.png","gen2_sug1.png"
"48","datahub_9_s1_q1_gen1_sug4.png__gen1_sug1.png","datahub_9_s1_q1_gen1_sug4.png__gen1_sug1.png","datahub","9","1","1","How has the typical training computation for AI models published between 1959 and 2025 changed over time?","charts/datahub/9/sum1_ques1","gen1_sug4.png","gen1_sug1.png"
"49","datahub_9_s1_q2_gen1_sug2.png__gen1_sug1.png","datahub_9_s1_q2_gen1_sug2.png__gen1_sug1.png","datahub","9","1","2","Which five AI models released after 2020 have the highest inflation-adjusted training costs?","charts/datahub/9/sum1_ques2","gen1_sug2.png","gen1_sug1.png"
"50","datahub_10_s1_q1_gen2_sug4.png__gen1_sug3.png","datahub_10_s1_q1_gen2_sug4.png__gen1_sug3.png","datahub","10","1","1","How has the typical model size changed from the early 2010s to releases in 2025 based on reported publication dates?","charts/datahub/10/sum1_ques1","gen2_sug4.png","gen1_sug3.png"
"51","datahub_10_s1_q8_gen2_sug1.png__gen2_sug2.png","datahub_10_s1_q8_gen2_sug1.png__gen2_sug2.png","datahub","10","1","8","Between language-focused and vision-focused models, which group shows higher typical training compute per release year?","charts/datahub/10/sum1_ques8","gen2_sug1.png","gen2_sug2.png"
"52","tableau_3_s3_q5_gen2_sug4.png__gen2_sug2.png","tableau_3_s3_q5_gen2_sug4.png__gen2_sug2.png","tableau","3","3","5","How does the age of the No. 1 player in the 1990s compare to the 2010s?","charts/tableau/3/sum3_ques5","gen2_sug4.png","gen2_sug2.png"
"53","tableau_3_s3_q5_gen1_sug1.png__gen2_sug2.png","tableau_3_s3_q5_gen1_sug1.png__gen2_sug2.png","tableau","3","3","5","How does the age of the No. 1 player in the 1990s compare to the 2010s?","charts/tableau/3/sum3_ques5","gen1_sug1.png","gen2_sug2.png"
"54","tableau_3_s2_q1_gen1_sug1.png__gen1_sug4.png","tableau_3_s2_q1_gen1_sug1.png__gen1_sug4.png","tableau","3","2","1","Which 10 players spent the most weeks as world No. 1?","charts/tableau/3/sum2_ques1","gen1_sug1.png","gen1_sug4.png"
"55","tableau_3_s1_q1_gen1_sug3.png__gen2_sug1.png","tableau_3_s1_q1_gen1_sug3.png__gen2_sug1.png","tableau","3","1","1","Who are the top 5 players by total cumulative weeks at No. 1?","charts/tableau/3/sum1_ques1","gen1_sug3.png","gen2_sug1.png"
"56","tableau_3_s1_q1_gen1_sug3.png__gen2_sug3.png","tableau_3_s1_q1_gen1_sug3.png__gen2_sug3.png","tableau","3","1","1","Who are the top 5 players by total cumulative weeks at No. 1?","charts/tableau/3/sum1_ques1","gen1_sug3.png","gen2_sug3.png"
"57","tableau_3_s4_q2_gen2_sug1.png__gen1_sug2.png","tableau_3_s4_q2_gen2_sug1.png__gen1_sug2.png","tableau","3","4","2","Which decade produced the most No. 1 players by birth year?","charts/tableau/3/sum4_ques2","gen2_sug1.png","gen1_sug2.png"
"58","tableau_3_s1_q6_gen1_sug1.png__gen1_sug2.png","tableau_3_s1_q6_gen1_sug1.png__gen1_sug2.png","tableau","3","1","6","How does Federer's cumulative weeks compare to Djokovic and Nadal?","charts/tableau/3/sum1_ques6","gen1_sug1.png","gen1_sug2.png"
"59","tableau_3_s1_q6_gen2_sug1.png__gen2_sug4.png","tableau_3_s1_q6_gen2_sug1.png__gen2_sug4.png","tableau","3","1","6","How does Federer's cumulative weeks compare to Djokovic and Nadal?","charts/tableau/3/sum1_ques6","gen2_sug1.png","gen2_sug4.png"
"60","tableau_6_s4_q3_gen1_sug2.png__gen2_sug7.png","tableau_6_s4_q3_gen1_sug2.png__gen2_sug7.png","tableau","6","4","3","Which industries are most represented among companies with the longest tenure on the Inc. 5000 list?","charts/tableau/6/sum4_ques3","gen1_sug2.png","gen2_sug7.png"
"61","tableau_6_s3_q2_gen1_sug1.png__gen2_sug5.png","tableau_6_s3_q2_gen1_sug1.png__gen2_sug5.png","tableau","6","3","2","Which metropolitan areas have the highest concentration of top-ranked companies?","charts/tableau/6/sum3_ques2","gen1_sug1.png","gen2_sug5.png"
"62","tableau_6_s1_q1_gen2_sug1.png__gen2_sug2.png","tableau_6_s1_q1_gen2_sug1.png__gen2_sug2.png","tableau","6","1","1","How does revenue growth rate vary across different rank ranges in the Inc. 5000 list?","charts/tableau/6/sum1_ques1","gen2_sug1.png","gen2_sug2.png"
"63","tableau_7_s1_q4_gen2_sug4.png__gen2_sug2.png","tableau_7_s1_q4_gen2_sug4.png__gen2_sug2.png","tableau","7","1","4","Which majors have the lowest starting salary but end up in the top 10 for mid-career salary?","charts/tableau/7/sum1_ques4","gen2_sug4.png","gen2_sug2.png"
"64","tableau_7_s3_q1_gen3_sug1.png__gen2_sug2.png","tableau_7_s3_q1_gen3_sug1.png__gen2_sug2.png","tableau","7","3","1","Which majors have the lowest starting salary but highest percent growth?","charts/tableau/7/sum3_ques1","gen3_sug1.png","gen2_sug2.png"
"65","tableau_8_s2_q4_gen2_sug2.png__gen2_sug4.png","tableau_8_s2_q4_gen2_sug2.png__gen2_sug4.png","tableau","8","2","4","How closely do audience scores align with critic scores across the top 5 most profitable films?","charts/tableau/8/sum2_ques4","gen2_sug2.png","gen2_sug4.png"
"66","tableau_8_s4_q4_gen1_sug4.png__gen1_sug1.png","tableau_8_s4_q4_gen1_sug4.png__gen1_sug1.png","tableau","8","4","4","Are there specific years where certain genres significantly outperform others in profitability?","charts/tableau/8/sum4_ques4","gen1_sug4.png","gen1_sug1.png"
"67","tableau_12_s1_q2_gen1_sug1.png__gen1_sug4.png","tableau_12_s1_q2_gen1_sug1.png__gen1_sug4.png","tableau","12","1","2","How has the tuberculosis incidence rate changed from 1990 to 2013 in India?","charts/tableau/12/sum1_ques2","gen1_sug1.png","gen1_sug4.png"
"68","tableau_3_s1_q1_gen1_sug3.png__gen1_sug1.png","tableau_3_s1_q1_gen1_sug3.png__gen1_sug1.png","tableau","3","1","1","Which five players have accumulated the most total weeks at world number one across their careers?","charts/tableau/3/sum1_ques1","gen1_sug3.png","gen1_sug1.png"
"69","tableau_3_s1_q5_gen1_sug4.png__gen1_sug1.png","tableau_3_s1_q5_gen1_sug4.png__gen1_sug1.png","tableau","3","1","5","Are there players who stand out as clear outliers in total weeks at number one compared with the rest of their gender?","charts/tableau/3/sum1_ques5","gen1_sug4.png","gen1_sug1.png"
"70","tableau_3_s1_q5_gen2_sug2.png__gen1_sug1.png","tableau_3_s1_q5_gen2_sug2.png__gen1_sug1.png","tableau","3","1","5","Are there players who stand out as clear outliers in total weeks at number one compared with the rest of their gender?","charts/tableau/3/sum1_ques5","gen2_sug2.png","gen1_sug1.png"
"71","tableau_3_s3_q7_gen1_sug1.png__gen1_sug2.png","tableau_3_s3_q7_gen1_sug1.png__gen1_sug2.png","tableau","3","3","7","How is total time spent at number one distributed among the top 10 players with the most recorded weeks?","charts/tableau/3/sum3_ques7","gen1_sug1.png","gen1_sug2.png"
"72","tableau_6_s1_q2_gen2_sug2.png__gen1_sug3.png","tableau_6_s1_q2_gen2_sug2.png__gen1_sug3.png","tableau","6","1","2","How does reported revenue differ between companies ranked in the top 500 and those ranked near the bottom of the list?","charts/tableau/6/sum1_ques2","gen2_sug2.png","gen1_sug3.png"
"73","tableau_6_s1_q4_gen1_sug1.png__gen1_sug2.png","tableau_6_s1_q4_gen1_sug1.png__gen1_sug2.png","tableau","6","1","4","What is the relationship between workforce size and total revenue for companies in the Software sector?","charts/tableau/6/sum1_ques4","gen1_sug1.png","gen1_sug2.png"
"74","tableau_6_s1_q8_gen2_sug3.png__gen1_sug1.png","tableau_6_s1_q8_gen2_sug3.png__gen1_sug1.png","tableau","6","1","8","How does workforce size tend to change as rank moves from the top 100 toward the bottom 5000?","charts/tableau/6/sum1_ques8","gen2_sug3.png","gen1_sug1.png"
"75","tableau_7_s1_q5_gen1_sug3.png__gen3_sug4.png","tableau_7_s1_q5_gen1_sug3.png__gen3_sug4.png","tableau","7","1","5","How do mid-career earnings compare between traditionally high-paying fields like engineering and lower-paying fields like art history or religion?","charts/tableau/7/sum1_ques5","gen1_sug3.png","gen3_sug4.png"
"76","tableau_7_s1_q7_gen1_sug4.png__gen1_sug1.png","tableau_7_s1_q7_gen1_sug4.png__gen1_sug1.png","tableau","7","1","7","What is the spread of percentage pay growth across all majors, from the lowest around 23% to the highest above 100%?","charts/tableau/7/sum1_ques7","gen1_sug4.png","gen1_sug1.png"
"77","tableau_8_s2_q3_gen2_sug2.png__gen1_sug4.png","tableau_8_s2_q3_gen2_sug2.png__gen1_sug4.png","tableau","8","2","3","What is the overall relationship between audience approval percentages and financial return across all films?","charts/tableau/8/sum2_ques3","gen2_sug2.png","gen1_sug4.png"
"78","tableau_8_s3_q5_gen2_sug3.png__gen2_sug4.png","tableau_8_s3_q5_gen2_sug3.png__gen2_sug4.png","tableau","8","3","5","How is total worldwide box office revenue divided among studios such as Paramount, Sony, and 20th Century Fox?","charts/tableau/8/sum3_ques5","gen2_sug3.png","gen2_sug4.png"
"79","tableau_8_s3_q5_gen2_sug3.png__gen1_sug1.png","tableau_8_s3_q5_gen2_sug3.png__gen1_sug1.png","tableau","8","3","5","How is total worldwide box office revenue divided among studios such as Paramount, Sony, and 20th Century Fox?","charts/tableau/8/sum3_ques5","gen2_sug3.png","gen1_sug1.png"
"80","tableau_8_s4_q5_gen1_sug1.png__gen1_sug3.png","tableau_8_s4_q5_gen1_sug1.png__gen1_sug3.png","tableau","8","4","5","Are there any genres that experienced a noticeable spike or drop in worldwide box office revenue in a single year?","charts/tableau/8/sum4_ques5","gen1_sug1.png","gen1_sug3.png"
"81","tableau_9_s2_q1_gen2_sug1.png__gen1_sug6.png","tableau_9_s2_q1_gen2_sug1.png__gen1_sug6.png","tableau","9","2","1","Which age groups show the highest death rates for males compared with females when looking across the full life course?","charts/tableau/9/sum2_ques1","gen2_sug1.png","gen1_sug6.png"
"82","c2_2_151_s3_q8_gen2_sug3.png__gen1_sug1.png","c2_2_151_s3_q8_gen2_sug3.png__gen1_sug1.png","c2_2","151","3","8","Do students who completed the test preparation course consistently outperform those with none across math, reading, and writing scores?","charts/c2_2/151/sum3_ques8","gen2_sug3.png","gen1_sug1.png"
"83","c2_2_151_s3_q8_gen1_sug6.png__gen1_sug1.png","c2_2_151_s3_q8_gen1_sug6.png__gen1_sug1.png","c2_2","151","3","8","Do students who completed the test preparation course consistently outperform those with none across math, reading, and writing scores?","charts/c2_2/151/sum3_ques8","gen1_sug6.png","gen1_sug1.png"
"84","c2_2_151_s2_q1_gen2_sug1.png__gen1_sug3.png","c2_2_151_s2_q1_gen2_sug1.png__gen1_sug3.png","c2_2","151","2","1","What is the proportional distribution of parental education levels among students receiving free/reduced lunch?","charts/c2_2/151/sum2_ques1","gen2_sug1.png","gen1_sug3.png"
"85","c2_2_151_s2_q8_gen1_sug1.png__gen1_sug2.png","c2_2_151_s2_q8_gen1_sug1.png__gen1_sug2.png","c2_2","151","2","8","Which parental education level has the most students on free/reduced lunch?","charts/c2_2/151/sum2_ques8","gen1_sug1.png","gen1_sug2.png"
"86","c2_2_139_s2_q1_gen1_sug1.png__gen1_sug2.png","c2_2_139_s2_q1_gen1_sug1.png__gen1_sug2.png","c2_2","139","2","1","Which countries experienced the highest annual inflation rates during years labeled as inflation crises?","charts/c2_2/139/sum2_ques1","gen1_sug1.png","gen1_sug2.png"
"87","c2_2_139_s1_q5_gen1_sug1.png__gen1_sug2.png","c2_2_139_s1_q5_gen1_sug1.png__gen1_sug2.png","c2_2","139","1","5","Which African countries experience the longest uninterrupted runs of years without any currency crises?","charts/c2_2/139/sum1_ques5","gen1_sug1.png","gen1_sug2.png"
"88","c2_2_139_s2_q5_gen1_sug2.png__gen2_sug2.png","c2_2_139_s2_q5_gen1_sug2.png__gen2_sug2.png","c2_2","139","2","5","Which countries experience the most years with currency crises compared to years without such events?","charts/c2_2/139/sum2_ques5","gen1_sug2.png","gen2_sug2.png"
"89","c2_2_139_s2_q5_gen1_sug2.png__gen2_sug1.png","c2_2_139_s2_q5_gen1_sug2.png__gen2_sug1.png","c2_2","139","2","5","Which countries experience the most years with currency crises compared to years without such events?","charts/c2_2/139/sum2_ques5","gen1_sug2.png","gen2_sug1.png"
"90","c2_2_139_s3_q4_gen1_sug2.png__gen1_sug1.png","c2_2_139_s3_q4_gen1_sug2.png__gen1_sug1.png","c2_2","139","3","4","Which countries experienced repeated debt default episodes over the longest spans of years since 1900?","charts/c2_2/139/sum3_ques4","gen1_sug2.png","gen1_sug1.png"
"91","c2_2_139_s1_q2_gen2_sug2.png__gen2_sug1.png","c2_2_139_s1_q2_gen2_sug2.png__gen2_sug1.png","c2_2","139","1","2","How has the annual occurrence of systemic financial crises changed across Africa from the 1960s through the 2000s?","charts/c2_2/139/sum1_ques2","gen2_sug2.png","gen2_sug1.png"
"92","c2_2_139_s1_q2_gen2_sug3.png__gen2_sug1.png","c2_2_139_s1_q2_gen2_sug3.png__gen2_sug1.png","c2_2","139","1","2","How has the annual occurrence of systemic financial crises changed across Africa from the 1960s through the 2000s?","charts/c2_2/139/sum1_ques2","gen2_sug3.png","gen2_sug1.png"
"93","c2_2_146_s2_q1_93","c2_2_146_s2_q1_93","c2_2","146","2","1","Which rival party pairs produce the smallest victory margins across constituencies, making those contests the most closely fought?","charts/c2_2/146/sum2_ques1","",""
"94","c2_2_146_s2_q7_94","c2_2_146_s2_q7_94","c2_2","146","2","7","Are contests between Bharatiya Janata Party and Indian National Congress generally more competitive than contests involving smaller parties based on margin size?","charts/c2_2/146/sum2_ques7","",""
"95","c2_2_146_s4_q1_95","c2_2_146_s4_q1_95","c2_2","146","4","1","Which five constituency numbers have the largest victory margins, including extreme cases like margins above one million votes?","charts/c2_2/146/sum4_ques1","",""
"96","c2_2_146_s4_q8_96","c2_2_146_s4_q8_96","c2_2","146","4","8","Are there noticeable gaps or jumps in victory margins between consecutive constituency numbers that suggest irregular patterns?","charts/c2_2/146/sum4_ques8","",""
"97","c2_2_146_s3_q2_97","c2_2_146_s3_q2_97","c2_2","146","3","2","In which constituencies did newcomers such as ABDUL RASHID SHEIKH emerge as the leading face over more established rivals?","charts/c2_2/146/sum3_ques2","",""
"98","c2_2_146_s3_q4_98","c2_2_146_s3_q4_98","c2_2","146","3","4","How do candidate matchups in high-profile constituencies like Wayanad differ from those in places like AJMER or ALWAR?","charts/c2_2/146/sum3_ques4","",""
"99","c2_2_146_s1_q1_99","c2_2_146_s1_q1_99","c2_2","146","1","1","Which political parties hold the highest number of constituencies nationwide based on declared outcomes?","charts/c2_2/146/sum1_ques1","",""
"100","c2_2_146_s1_q5_100","c2_2_146_s1_q5_100","c2_2","146","1","5","How does the share of declared versus uncontested results differ across political parties?","charts/c2_2/146/sum1_ques5","",""
"101","c2_2_151_s1_q4_gen2_sug1.png__gen2_sug3.png","c2_2_151_s1_q4_gen2_sug1.png__gen2_sug3.png","c2_2","151","1","4","Which gender has more students clustered near perfect scores between 95 and 100 in math?","charts/c2_2/151/sum1_ques4","gen2_sug1.png","gen2_sug3.png"
"102","c2_2_151_s1_q4_gen2_sug1.png__gen1_sug2.png","c2_2_151_s1_q4_gen2_sug1.png__gen1_sug2.png","c2_2","151","1","4","Which gender has more students clustered near perfect scores between 95 and 100 in math?","charts/c2_2/151/sum1_ques4","gen2_sug1.png","gen1_sug2.png"
"103","c2_2_151_s3_q2_gen2_sug2.png__gen1_sug1.png","c2_2_151_s3_q2_gen2_sug2.png__gen1_sug1.png","c2_2","151","3","2","How do reading score distributions differ between students who completed test preparation and those who did not?","charts/c2_2/151/sum3_ques2","gen2_sug2.png","gen1_sug1.png"
"104","c2_2_151_s3_q7_104","c2_2_151_s3_q7_104","c2_2","151","3","7","How consistent are the score ranges in math, reading, and writing for students who completed test preparation?","charts/c2_2/151/sum3_ques7","",""
"105","c2_2_151_s4_q8_gen1_sug3.png__gen1_sug2.png","c2_2_151_s4_q8_gen1_sug3.png__gen1_sug2.png","c2_2","151","4","8","What proportion of students scoring above 90 in reading comes from each parental education level?","charts/c2_2/151/sum4_ques8","gen1_sug3.png","gen1_sug2.png"
"106","c2_2_151_s2_q7_gen3_sug4.png__gen3_sug7.png","c2_2_151_s2_q7_gen3_sug4.png__gen3_sug7.png","c2_2","151","2","7","How are math scores distributed within the group of students whose parents did not complete high school?","charts/c2_2/151/sum2_ques7","gen3_sug4.png","gen3_sug7.png"
"107","c2_2_223_s4_q1_gen1_sug1.png__gen1_sug2.png","c2_2_223_s4_q1_gen1_sug1.png__gen1_sug2.png","c2_2","223","4","1","How has India’s overall trade balance shifted from the 1997 financial year to the 2022 financial year?","charts/c2_2/223/sum4_ques1","gen1_sug1.png","gen1_sug2.png"
"108","c2_2_223_s4_q1_gen1_sug2.png__gen1_sug3.png","c2_2_223_s4_q1_gen1_sug2.png__gen1_sug3.png","c2_2","223","4","1","How has India’s overall trade balance shifted from the 1997 financial year to the 2022 financial year?","charts/c2_2/223/sum4_ques1","gen1_sug2.png","gen1_sug3.png"
"109","c2_2_223_s4_q1_gen1_sug1.png__gen2_sug4.png","c2_2_223_s4_q1_gen1_sug1.png__gen2_sug4.png","c2_2","223","4","1","How has India’s overall trade balance shifted from the 1997 financial year to the 2022 financial year?","charts/c2_2/223/sum4_ques1","gen1_sug1.png","gen2_sug4.png"
"110","c2_2_223_s4_q7_gen2_sug1.png__gen1_sug2.png","c2_2_223_s4_q7_gen2_sug1.png__gen1_sug2.png","c2_2","223","4","7","Are there any financial years where exports and imports were nearly equal, resulting in a minimal trade imbalance?","charts/c2_2/223/sum4_ques7","gen2_sug1.png","gen1_sug2.png"
"111","c2_2_223_s3_q6_gen2_sug6.png__gen1_sug2.png","c2_2_223_s3_q6_gen2_sug6.png__gen1_sug2.png","c2_2","223","3","6","What proportion of India’s total trade in the financial year starting 2015 is accounted for by the top 10 partner countries?","charts/c2_2/223/sum3_ques6","gen2_sug6.png","gen1_sug2.png"
"112","c2_2_223_s3_q6_gen1_sug6.png__gen1_sug2.png","c2_2_223_s3_q6_gen1_sug6.png__gen1_sug2.png","c2_2","223","3","6","What proportion of India’s total trade in the financial year starting 2015 is accounted for by the top 10 partner countries?","charts/c2_2/223/sum3_ques6","gen1_sug6.png","gen1_sug2.png"
"113","c2_2_223_s2_q2_gen1_sug1.png__gen2_sug2.png","c2_2_223_s2_q2_gen1_sug1.png__gen2_sug2.png","c2_2","223","2","2","Which financial years show the highest total trade values compared to earlier periods in the late 1990s such as 1997–1998?","charts/c2_2/223/sum2_ques2","gen1_sug1.png","gen2_sug2.png"
"114","c2_2_223_s2_q5_gen1_sug1.png__gen1_sug2.png","c2_2_223_s2_q5_gen1_sug1.png__gen1_sug2.png","c2_2","223","2","5","Are there any financial years where total trade drops sharply compared to the immediately preceding year, suggesting a possible anomaly?","charts/c2_2/223/sum2_ques5","gen1_sug1.png","gen1_sug2.png"
"115","c2_2_223_s2_q5_gen1_sug1.png__gen2_sug4.png","c2_2_223_s2_q5_gen1_sug1.png__gen2_sug4.png","c2_2","223","2","5","Are there any financial years where total trade drops sharply compared to the immediately preceding year, suggesting a possible anomaly?","charts/c2_2/223/sum2_ques5","gen1_sug1.png","gen2_sug4.png"
"116","c2_2_227_s2_q2_gen1_sug1.png__gen2_sug4.png","c2_2_227_s2_q2_gen1_sug1.png__gen2_sug4.png","c2_2","227","2","2","Which IQ ranges show the highest proportion of biased judgments marked as present?","charts/c2_2/227/sum2_ques2","gen1_sug1.png","gen2_sug4.png"
"117","c2_2_254_s4_q1_117","c2_2_254_s4_q1_117","c2_2","254","4","1","Which days show the largest daily percent gains despite having relatively narrow intraday price ranges?","charts/c2_2/254/sum4_ques1","",""
"118","c2_2_270_s3_q2_gen1_sug3.png__gen1_sug1.png","c2_2_270_s3_q2_gen1_sug3.png__gen1_sug1.png","c2_2","270","3","2","How do daily bicycle crossing counts on the Williamsburg crossing compare with the Manhattan crossing around early April?","charts/c2_2/270/sum3_ques2","gen1_sug3.png","gen1_sug1.png"
"119","c2_2_270_s3_q5_gen1_sug1.png__gen2_sug1.png","c2_2_270_s3_q5_gen1_sug1.png__gen2_sug1.png","c2_2","270","3","5","How do bicycle crossing volumes on the Brooklyn crossing change from the start of April to the end of the month?","charts/c2_2/270/sum3_ques5","gen1_sug1.png","gen2_sug1.png"
"120","c2_2_270_s3_q5_gen2_sug2.png__gen2_sug1.png","c2_2_270_s3_q5_gen2_sug2.png__gen2_sug1.png","c2_2","270","3","5","How do bicycle crossing volumes on the Brooklyn crossing change from the start of April to the end of the month?","charts/c2_2/270/sum3_ques5","gen2_sug2.png","gen2_sug1.png"
"121","c2_2_270_s1_q5_gen1_sug1.png__gen2_sug5.png","c2_2_270_s1_q5_gen1_sug1.png__gen2_sug5.png","c2_2","270","1","5","How did total bicycle crossings trend over the month of April 2016 as daily temperatures gradually increased?","charts/c2_2/270/sum1_ques5","gen1_sug1.png","gen2_sug5.png"
"122","c2_2_270_s1_q5_gen1_sug1.png__gen3_sug6.png","c2_2_270_s1_q5_gen1_sug1.png__gen3_sug6.png","c2_2","270","1","5","How did total bicycle crossings trend over the month of April 2016 as daily temperatures gradually increased?","charts/c2_2/270/sum1_ques5","gen1_sug1.png","gen3_sug6.png"
"123","c2_2_270_s4_q5_gen2_sug1.png__gen2_sug6.png","c2_2_270_s4_q5_gen2_sug1.png__gen2_sug6.png","c2_2","270","4","5","How does the total number of bicycle crossings differ between days with measurable rainfall, i.e. greater than 0.2 inches and days with only trace precipitation?","charts/c2_2/270/sum4_ques5","gen2_sug1.png","gen2_sug6.png"
"124","c2_2_270_s4_q6_124","c2_2_270_s4_q6_124","c2_2","270","4","6","What is the distribution of daily bicycle crossing totals across all April 2016 dates?","charts/c2_2/270/sum4_ques6","",""
"125","c2_2_338_s4_q4_gen1_sug1.png__gen2_sug3.png","c2_2_338_s4_q4_gen1_sug1.png__gen2_sug3.png","c2_2","338","4","4","How does average defect percentage change as worker efficiency increases?","charts/c2_2/338/sum4_ques4","gen1_sug1.png","gen2_sug3.png"
"126","c2_2_338_s4_q4_gen1_sug2.png__gen2_sug1.png","c2_2_338_s4_q4_gen1_sug2.png__gen2_sug1.png","c2_2","338","4","4","How does average defect percentage change as worker efficiency increases?","charts/c2_2/338/sum4_ques4","gen1_sug2.png","gen2_sug1.png"
"127","c2_2_338_s3_q2_gen1_sug1.png__gen1_sug3.png","c2_2_338_s3_q2_gen1_sug1.png__gen1_sug3.png","c2_2","338","3","2","How does manufacturing cost change as energy efficiency rises from about 0.10 to 0.50?","charts/c2_2/338/sum3_ques2","gen1_sug1.png","gen1_sug3.png"
"128","c2_2_338_s3_q2_gen1_sug1.png__gen1_sug2.png","c2_2_338_s3_q2_gen1_sug1.png__gen1_sug2.png","c2_2","338","3","2","How does manufacturing cost change as energy efficiency rises from about 0.10 to 0.50?","charts/c2_2/338/sum3_ques2","gen1_sug1.png","gen1_sug2.png"
"129","c2_2_338_s1_q5_gen1_sug2.png__gen1_sug1.png","c2_2_338_s1_q5_gen1_sug2.png__gen1_sug1.png","c2_2","338","1","5","Which supplier quality score ranges show unusually high defect percentages despite being close to top-tier levels?","charts/c2_2/338/sum1_ques5","gen1_sug2.png","gen1_sug1.png"
"130","c2_2_338_s1_q5_gen2_sug1.png__gen1_sug1.png","c2_2_338_s1_q5_gen2_sug1.png__gen1_sug1.png","c2_2","338","1","5","Which supplier quality score ranges show unusually high defect percentages despite being close to top-tier levels?","charts/c2_2/338/sum1_ques5","gen2_sug1.png","gen1_sug1.png"
"131","c2_2_352_s1_q3_gen1_sug2.png__gen2_sug3.png","c2_2_352_s1_q3_gen1_sug2.png__gen2_sug3.png","c2_2","352","1","3","How does reported motion discomfort vary as session length increases from about 5 minutes to 60 minutes?","charts/c2_2/352/sum1_ques3","gen1_sug2.png","gen2_sug3.png"
"132","c2_2_352_s1_q5_gen1_sug1.png__gen1_sug2.png","c2_2_352_s1_q5_gen1_sug1.png__gen1_sug2.png","c2_2","352","1","5","Which ages experience the lowest motion discomfort during short sessions under 10 minutes?","charts/c2_2/352/sum1_ques5","gen1_sug1.png","gen1_sug2.png"
"133","c2_2_352_s2_q2_gen2_sug1.png__gen1_sug3.png","c2_2_352_s2_q2_gen2_sug1.png__gen1_sug3.png","c2_2","352","2","2","Which headset shows the highest typical motion sickness rating on the 1–10 scale?","charts/c2_2/352/sum2_ques2","gen2_sug1.png","gen1_sug3.png"
"134","c2_2_352_s2_q4_gen1_sug2.png__gen1_sug3.png","c2_2_352_s2_q4_gen1_sug2.png__gen1_sug3.png","c2_2","352","2","4","For experiences rated at the highest immersion level of 5, which headset has the lowest average motion sickness?","charts/c2_2/352/sum2_ques4","gen1_sug2.png","gen1_sug3.png"
"135","c2_2_352_s3_q4_gen1_sug1.png__gen1_sug3.png","c2_2_352_s3_q4_gen1_sug1.png__gen1_sug3.png","c2_2","352","3","4","What is the typical session length for Male users at each immersion rating level?","charts/c2_2/352/sum3_ques4","gen1_sug1.png","gen1_sug3.png"
"136","c2_2_366_s2_q4_gen2_sug1.png__gen2_sug2.png","c2_2_366_s2_q4_gen2_sug1.png__gen2_sug2.png","c2_2","366","2","4","How does enrollment change as course length increases from very short offerings under 1 hour to long courses approaching 70 hours?","charts/c2_2/366/sum2_ques4","gen2_sug1.png","gen2_sug2.png"
"137","c2_2_366_s1_q6_gen1_sug1.png__gen1_sug3.png","c2_2_366_s1_q6_gen1_sug1.png__gen1_sug3.png","c2_2","366","1","6","Which subject contains paid courses with unusually high prices near $200 but relatively low enrollment counts?","charts/c2_2/366/sum1_ques6","gen1_sug1.png","gen1_sug3.png"
"138","c2_2_366_s1_q7_gen1_sug1.png__gen2_sug2.png","c2_2_366_s1_q7_gen1_sug1.png__gen2_sug2.png","c2_2","366","1","7","Among courses with more than 10,000 enrolled learners, which subject category appears most frequently?","charts/c2_2/366/sum1_ques7","gen1_sug1.png","gen2_sug2.png"
"139","c2_2_366_s4_q1_gen1_sug3.png__gen2_sug2.png","c2_2_366_s4_q1_gen1_sug3.png__gen2_sug2.png","c2_2","366","4","1","How do subscriber counts compare between free courses priced at $0 and paid courses across the platform?","charts/c2_2/366/sum4_ques1","gen1_sug3.png","gen2_sug2.png"
"140","c2_2_366_s4_q2_gen2_sug2.png__gen2_sug1.png","c2_2_366_s4_q2_gen2_sug2.png__gen2_sug1.png","c2_2","366","4","2","Which price points between $20 and $200 attract the highest average number of subscribers?","charts/c2_2/366/sum4_ques2","gen2_sug2.png","gen2_sug1.png"
"141","c2_2_366_s4_q2_gen2_sug1.png__gen2_sug3.png","c2_2_366_s4_q2_gen2_sug1.png__gen2_sug3.png","c2_2","366","4","2","Which price points between $20 and $200 attract the highest average number of subscribers?","charts/c2_2/366/sum4_ques2","gen2_sug1.png","gen2_sug3.png"
"142","c2_2_366_s4_q2_gen1_sug1.png__gen1_sug2.png","c2_2_366_s4_q2_gen1_sug1.png__gen1_sug2.png","c2_2","366","4","2","Which price points between $20 and $200 attract the highest average number of subscribers?","charts/c2_2/366/sum4_ques2","gen1_sug1.png","gen1_sug2.png"
"143","c2_2_366_s3_q1_gen1_sug1.png__gen1_sug4.png","c2_2_366_s3_q1_gen1_sug1.png__gen1_sug4.png","c2_2","366","3","1","How has learner enrollment changed from courses published around 2011 to those released closer to 2017?","charts/c2_2/366/sum3_ques1","gen1_sug1.png","gen1_sug4.png"
"144","c2_2_366_s3_q1_gen2_sug3.png__gen1_sug4.png","c2_2_366_s3_q1_gen2_sug3.png__gen1_sug4.png","c2_2","366","3","1","How has learner enrollment changed from courses published around 2011 to those released closer to 2017?","charts/c2_2/366/sum3_ques1","gen2_sug3.png","gen1_sug4.png"
"145","c2_2_366_s3_q7_gen2_sug1.png__gen2_sug2.png","c2_2_366_s3_q7_gen2_sug1.png__gen2_sug2.png","c2_2","366","3","7","How do average review counts compare across subjects for courses released in the same year?","charts/c2_2/366/sum3_ques7","gen2_sug1.png","gen2_sug2.png"
"146","c2_2_384_s1_q4_gen2_sug2.png__gen1_sug1.png","c2_2_384_s1_q4_gen2_sug2.png__gen1_sug1.png","c2_2","384","1","4","How does South Korea’s share of economic output devoted to research and development compare with that of Germany and France?","charts/c2_2/384/sum1_ques4","gen2_sug2.png","gen1_sug1.png"
"147","c2_2_384_s1_q4_gen1_sug2.png__gen1_sug3.png","c2_2_384_s1_q4_gen1_sug2.png__gen1_sug3.png","c2_2","384","1","4","How does South Korea’s share of economic output devoted to research and development compare with that of Germany and France?","charts/c2_2/384/sum1_ques4","gen1_sug2.png","gen1_sug3.png"
"148","c2_2_384_s1_q6_gen1_sug2.png__gen1_sug3.png","c2_2_384_s1_q6_gen1_sug2.png__gen1_sug3.png","c2_2","384","1","6","How are countries distributed when comparing total research spending against the percentage of GDP invested in innovation?","charts/c2_2/384/sum1_ques6","gen1_sug2.png","gen1_sug3.png"
"149","c2_2_388_s1_q1_gen1_sug4.png__gen2_sug1.png","c2_2_388_s1_q1_gen1_sug4.png__gen2_sug1.png","c2_2","388","1","1","Which countries produce the highest carbon dioxide emissions among the group that includes the United States, China, and India?","charts/c2_2/388/sum1_ques1","gen1_sug4.png","gen2_sug1.png"
"150","c2_2_388_s1_q5_gen1_sug3.png__gen1_sug2.png","c2_2_388_s1_q5_gen1_sug3.png__gen1_sug2.png","c2_2","388","1","5","Which country stands out as an outlier with exceptionally high emissions relative to its forest area?","charts/c2_2/388/sum1_ques5","gen1_sug3.png","gen1_sug2.png"
"151","c2_2_396_s2_q8_gen2_sug1.png__gen2_sug2.png","c2_2_396_s2_q8_gen2_sug1.png__gen2_sug2.png","c2_2","396","2","8","Do Germany and Japan show similar patterns in trade concentration compared with the United States across the six observations?","charts/c2_2/396/sum2_ques8","gen2_sug1.png","gen2_sug2.png"
"152","c2_2_396_s3_q2_gen1_sug3.png__gen1_sug1.png","c2_2_396_s3_q2_gen1_sug3.png__gen1_sug1.png","c2_2","396","3","2","How do trade volumes involving China compare to those involving India across the six recorded trade observations?","charts/c2_2/396/sum3_ques2","gen1_sug3.png","gen1_sug1.png"
"153","c2_2_396_s3_q2_gen1_sug4.png__gen1_sug1.png","c2_2_396_s3_q2_gen1_sug4.png__gen1_sug1.png","c2_2","396","3","2","How do trade volumes involving China compare to those involving India across the six recorded trade observations?","charts/c2_2/396/sum3_ques2","gen1_sug4.png","gen1_sug1.png"
"154","c2_2_480_s1_q3_gen1_sug1.png__gen2_sug2.png","c2_2_480_s1_q3_gen1_sug1.png__gen2_sug2.png","c2_2","480","1","3","How does the area devoted to agriculture compare with the area covered by forests?","charts/c2_2/480/sum1_ques3","gen1_sug1.png","gen2_sug2.png"
"155","c2_2_480_s1_q7_gen2_sug1.png__gen2_sug3.png","c2_2_480_s1_q7_gen2_sug1.png__gen2_sug3.png","c2_2","480","1","7","How dominant is agricultural land compared with all other categories in terms of area size?","charts/c2_2/480/sum1_ques7","gen2_sug1.png","gen2_sug3.png"
"156","c2_2_270_s5_q1_gen2_sug3.png__gen2_sug2.png","c2_2_270_s5_q1_gen2_sug3.png__gen2_sug2.png","c2_2","270","5","1","Which bridge shows the strongest increase in daily crossings as high temperature rises from below 50°F to above 70°F?","charts/c2_2/270/sum5_ques1","gen2_sug3.png","gen2_sug2.png"
"157","c2_2_270_s5_q1_gen2_sug6.png__gen3_sug1.png","c2_2_270_s5_q1_gen2_sug6.png__gen3_sug1.png","c2_2","270","5","1","Which bridge shows the strongest increase in daily crossings as high temperature rises from below 50°F to above 70°F?","charts/c2_2/270/sum5_ques1","gen2_sug6.png","gen3_sug1.png"
"158","c2_2_270_s5_q1_gen2_sug6.png__gen3_sug6.png","c2_2_270_s5_q1_gen2_sug6.png__gen3_sug6.png","c2_2","270","5","1","Which bridge shows the strongest increase in daily crossings as high temperature rises from below 50°F to above 70°F?","charts/c2_2/270/sum5_ques1","gen2_sug6.png","gen3_sug6.png"
"159","c2_2_270_s5_q2_gen2_sug2.png__gen2_sug5.png","c2_2_270_s5_q2_gen2_sug2.png__gen2_sug5.png","c2_2","270","5","2","On days with high temperatures above 70°F, which bridge captures the largest share of total crossings compared to cooler days below 50°F?","charts/c2_2/270/sum5_ques2","gen2_sug2.png","gen2_sug5.png"
"160","c2_2_270_s5_q3_gen2_sug4.png__gen3_sug1.png","c2_2_270_s5_q3_gen2_sug4.png__gen3_sug1.png","c2_2","270","5","3","How does the ratio of Williamsburg Bridge crossings to Manhattan Bridge crossings change between cold days under 45°F and warm days above 65°F?","charts/c2_2/270/sum5_ques3","gen2_sug4.png","gen3_sug1.png"
"161","c2_2_270_s5_q4_gen2_sug5.png__gen1_sug2.png","c2_2_270_s5_q4_gen2_sug5.png__gen1_sug2.png","c2_2","270","5","4","Which bridge has the most stable ridership across the full temperature range from about 40°F to 80°F?","charts/c2_2/270/sum5_ques4","gen2_sug5.png","gen1_sug2.png"
"162","c2_3_38_s1_q1_gen1_sug1.png__gen1_sug2.png","c2_3_38_s1_q1_gen1_sug1.png__gen1_sug2.png","c2_3","38","1","1","How has the average salary in USD changed from 2020 to 2022 for each experience level?","charts/c2_3/38/sum1_ques1","gen1_sug1.png","gen1_sug2.png"
"163","c2_3_38_s1_q3_gen2_sug1.png__gen1_sug3.png","c2_3_38_s1_q3_gen2_sug1.png__gen1_sug3.png","c2_3","38","1","3","Is the gap in salary in USD between entry-level and senior-level roles widening or narrowing over time?","charts/c2_3/38/sum1_ques3","gen2_sug1.png","gen1_sug3.png"
"164","c2_3_38_s3_q1_gen1_sug1.png__gen2_sug4.png","c2_3_38_s3_q1_gen1_sug1.png__gen2_sug4.png","c2_3","38","3","1","How does average salary in USD compare across fully on-site, hybrid, and fully remote roles?","charts/c2_3/38/sum3_ques1","gen1_sug1.png","gen2_sug4.png"
"165","c2_3_42_s4_q1_gen2_sug1.png__gen2_sug2.png","c2_3_42_s4_q1_gen2_sug1.png__gen2_sug2.png","c2_3","42","4","1","How does urine pH differ between patients with and without kidney stones?","charts/c2_3/42/sum4_ques1","gen2_sug1.png","gen2_sug2.png"
"166","c2_3_42_s1_q2_gen2_sug4.png__gen1_sug1.png","c2_3_42_s1_q2_gen2_sug4.png__gen1_sug1.png","c2_3","42","1","2","What relationship is observed between urinary calcium levels and kidney stone presence?","charts/c2_3/42/sum1_ques2","gen2_sug4.png","gen1_sug1.png"
"167","c2_3_42_s3_q1_gen2_sug1.png__gen2_sug3.png","c2_3_42_s3_q1_gen2_sug1.png__gen2_sug3.png","c2_3","42","3","1","How does kidney stone occurrence differ across levels of urinary calcium concentration?","charts/c2_3/42/sum3_ques1","gen2_sug1.png","gen2_sug3.png"
"168","c2_3_71_s1_q1_gen1_sug1.png__gen2_sug4.png","c2_3_71_s1_q1_gen1_sug1.png__gen2_sug4.png","c2_3","71","1","1","How does the number of public versus privately controlled higher education institutions compare across different U.S. states?","charts/c2_3/71/sum1_ques1","gen1_sug1.png","gen2_sug4.png"
"169","c2_3_71_s1_q3_gen1_sug1.png__gen2_sug1.png","c2_3_71_s1_q3_gen1_sug1.png__gen2_sug1.png","c2_3","71","1","3","Are there regions that appear as outliers in their reliance on either public or private higher education institutions relative to most states?","charts/c2_3/71/sum1_ques3","gen1_sug1.png","gen2_sug1.png"
"170","c2_3_71_s2_q3_gen3_sug1.png__gen3_sug2.png","c2_3_71_s2_q3_gen3_sug1.png__gen3_sug2.png","c2_3","71","2","3","Are there regions where institution names indicate stronger thematic clustering around missions such as technology, health, or religion?","charts/c2_3/71/sum2_ques3","gen3_sug1.png","gen3_sug2.png"
"171","c2_3_133_s1_q1_gen3_sug1.png__gen3_sug2.png","c2_3_133_s1_q1_gen3_sug1.png__gen3_sug2.png","c2_3","133","1","1","How does average bike rental volume differ between weekdays, weekends, and public holidays over time?","charts/c2_3/133/sum1_ques1","gen3_sug1.png","gen3_sug2.png"
"172","c2_3_133_s1_q2_gen1_sug1.png__gen1_sug3.png","c2_3_133_s1_q2_gen1_sug1.png__gen1_sug3.png","c2_3","133","1","2","What recurring daily or weekly usage patterns emerge in bike rental counts when comparing weekends to regular weekdays?","charts/c2_3/133/sum1_ques2","gen1_sug1.png","gen1_sug3.png"
"173","c2_3_133_s2_q3_gen1_sug1.png__gen1_sug2.png","c2_3_133_s2_q3_gen1_sug1.png__gen1_sug2.png","c2_3","133","2","3","Are there noticeable drops or anomalies in rental counts during periods of unusually high wind speed compared to typical conditions?","charts/c2_3/133/sum2_ques3","gen1_sug1.png","gen1_sug2.png"
"174","c2_3_174_s1_q1_174","c2_3_174_s1_q1_174","c2_3","174","1","1","What is the relationship between hours spent per day spent listening to music and self reported anxiety levels?","charts/c2_3/174/sum1_ques1","",""
"175","c2_3_174_s2_q1_gen1_sug4.png__gen2_sug1.png","c2_3_174_s2_q1_gen1_sug4.png__gen2_sug1.png","c2_3","174","2","1","How does the likelihood of exploratory listening vary across different age groups?","charts/c2_3/174/sum2_ques1","gen1_sug4.png","gen2_sug1.png"
"176","c2_3_174_s2_q3_gen2_sug1.png__gen2_sug4.png","c2_3_174_s2_q3_gen2_sug1.png__gen2_sug4.png","c2_3","174","2","3","How is listening to music in foreign languages distributed across age groups?","charts/c2_3/174/sum2_ques3","gen2_sug1.png","gen2_sug4.png"
"177","c2_3_317_s1_q2_gen2_sug4.png__gen1_sug1.png","c2_3_317_s1_q2_gen2_sug4.png__gen1_sug1.png","c2_3","317","1","2","Which cities have the highest concentration of large hotels based on total rooms within the top category ratings?","charts/c2_3/317/sum1_ques2","gen2_sug4.png","gen1_sug1.png"
"178","c2_3_389_s1_q3_gen2_sug3.png__gen1_sug4.png","c2_3_389_s1_q3_gen2_sug3.png__gen1_sug4.png","c2_3","389","1","3","Are there any countries that stand out as outliers in terms of internet user counts compared to the rest of the dataset?","charts/c2_3/389/sum1_ques3","gen2_sug3.png","gen1_sug4.png"
"179","c2_3_397_s3_q1_gen1_sug1.png__gen1_sug2.png","c2_3_397_s3_q1_gen1_sug1.png__gen1_sug2.png","c2_3","397","3","1","How do Amazon, Microsoft, and Google compare in total interaction volume across the listed peer companies?","charts/c2_3/397/sum3_ques1","gen1_sug1.png","gen1_sug2.png"
"180","c2_3_462_s3_q1_gen2_sug2.png__gen1_sug1.png","c2_3_462_s3_q1_gen2_sug2.png__gen1_sug1.png","c2_3","462","3","1","How do Huawei and ZTE mobile phone sales compare to each other across the 22 reporting quarters?","charts/c2_3/462/sum3_ques1","gen2_sug2.png","gen1_sug1.png"
"181","c2_3_462_s1_q2_gen2_sug1.png__gen1_sug2.png","c2_3_462_s1_q2_gen2_sug1.png__gen1_sug2.png","c2_3","462","1","2","In which quarters does Apple come closest to matching Samsung's global sales volume, indicating shifts in relative competitive strength?","charts/c2_3/462/sum1_ques2","gen2_sug1.png","gen1_sug2.png"
"182","c2_3_462_s1_q2_gen2_sug1.png__gen2_sug2.png","c2_3_462_s1_q2_gen2_sug1.png__gen2_sug2.png","c2_3","462","1","2","In which quarters does Apple come closest to matching Samsung's global sales volume, indicating shifts in relative competitive strength?","charts/c2_3/462/sum1_ques2","gen2_sug1.png","gen2_sug2.png"
"183","c2_3_462_s1_q3_gen2_sug1.png__gen2_sug3.png","c2_3_462_s1_q3_gen2_sug1.png__gen2_sug3.png","c2_3","462","1","3","Are there quarters where Samsung or Apple show unusually sharp rises or drops in sales compared to their own typical seasonal patterns?","charts/c2_3/462/sum1_ques3","gen2_sug1.png","gen2_sug3.png"
"184","c2_3_462_s5_q1_gen2_sug3.png__gen1_sug1.png","c2_3_462_s5_q1_gen2_sug3.png__gen1_sug1.png","c2_3","462","5","1","What proportion of total combined sales does each vendor account for in the last quarter?","charts/c2_3/462/sum5_ques1","gen2_sug3.png","gen1_sug1.png"
"185","c2_3_133_s2_q2_gen2_sug3.png__gen2_sug1.png","c2_3_133_s2_q2_gen2_sug3.png__gen2_sug1.png","c2_3","133","2","2","What is the difference in average bike rentals between hours with low humidity near 25% and very high humidity close to 100%?","charts/c2_3/133/sum2_ques2","gen2_sug3.png","gen2_sug1.png"
"186","c2_3_133_s2_q4_gen1_sug1.png__gen1_sug4.png","c2_3_133_s2_q4_gen1_sug1.png__gen1_sug4.png","c2_3","133","2","4","How do bike rental counts distribute across different ambient temperature levels during a typical day?","charts/c2_3/133/sum2_ques4","gen1_sug1.png","gen1_sug4.png"
"187","c2_3_226_s2_q1_gen1_sug1.png__gen1_sug3.png","c2_3_226_s2_q1_gen1_sug1.png__gen1_sug3.png","c2_3","226","2","1","Which 10 countries show the highest temperature anomaly in 2020, reaching values close to or above 1.5°C?","charts/c2_3/226/sum2_ques1","gen1_sug1.png","gen1_sug3.png"
"188","c2_3_226_s1_q2_gen1_sug3.png__gen1_sug1.png","c2_3_226_s1_q2_gen1_sug3.png__gen1_sug1.png","c2_3","226","1","2","How does the global aggregate compare to individual countries in temperature change between the early 1960s and 2022?","charts/c2_3/226/sum1_ques2","gen1_sug3.png","gen1_sug1.png"
"189","c2_3_226_s1_q2_gen1_sug1.png__gen2_sug4.png","c2_3_226_s1_q2_gen1_sug1.png__gen2_sug4.png","c2_3","226","1","2","How does the global aggregate compare to individual countries in temperature change between the early 1960s and 2022?","charts/c2_3/226/sum1_ques2","gen1_sug1.png","gen2_sug4.png"
"190","c2_3_317_s2_q7_gen2_sug3.png__gen2_sug4.png","c2_3_317_s2_q7_gen2_sug3.png__gen2_sug4.png","c2_3","317","2","7","Are there large hotels with over 600 rooms that do not offer alcohol service compared to most others?","charts/c2_3/317/sum2_ques7","gen2_sug3.png","gen2_sug4.png"
"191","c2_3_317_s4_q3_gen2_sug4.png__gen2_sug1.png","c2_3_317_s4_q3_gen2_sug4.png__gen2_sug1.png","c2_3","317","4","3","Which states host the highest concentration of large hotels with more than 300 rooms?","charts/c2_3/317/sum4_ques3","gen2_sug4.png","gen2_sug1.png"
"192","c2_3_317_s1_q5_gen2_sug3.png__gen2_sug1.png","c2_3_317_s1_q5_gen2_sug3.png__gen2_sug1.png","c2_3","317","1","5","Which states are dominated by small hotels with fewer than 50 rooms regardless of quality tier?","charts/c2_3/317/sum1_ques5","gen2_sug3.png","gen2_sug1.png"
"193","c2_3_363_s1_q8_gen1_sug2.png__gen2_sug4.png","c2_3_363_s1_q8_gen1_sug2.png__gen2_sug4.png","c2_3","363","1","8","Which racial groups show the highest proportion of incidents involving reported signs of mental illness?","charts/c2_3/363/sum1_ques8","gen1_sug2.png","gen2_sug4.png"
"194","c2_3_38_s1_q8_gen1_sug1.png__gen2_sug3.png","c2_3_38_s1_q8_gen1_sug1.png__gen2_sug3.png","c2_3","38","1","8","What proportion of total jobs in 2021 comes from large companies at each experience level?","charts/c2_3/38/sum1_ques8","gen1_sug1.png","gen2_sug3.png"
"195","c2_3_389_s1_q2_gen2_sug1.png__gen2_sug4.png","c2_3_389_s1_q2_gen2_sug1.png__gen2_sug4.png","c2_3","389","1","2","Which countries fall at the very bottom in terms of total internet users?","charts/c2_3/389/sum1_ques2","gen2_sug1.png","gen2_sug4.png"
"196","c2_3_389_s1_q3_gen3_sug1.png__gen2_sug5.png","c2_3_389_s1_q3_gen3_sug1.png__gen2_sug5.png","c2_3","389","1","3","How does the number of internet users in the United States compare to other large markets like China?","charts/c2_3/389/sum1_ques3","gen3_sug1.png","gen2_sug5.png"
"197","c2_3_389_s1_q8_gen1_sug5.png__gen2_sug1.png","c2_3_389_s1_q8_gen1_sug5.png__gen2_sug1.png","c2_3","389","1","8","Can the countries be visually grouped into high-impact, mid-tier, and niche digital markets based on their total internet user counts?","charts/c2_3/389/sum1_ques8","gen1_sug5.png","gen2_sug1.png"
"198","c2_3_397_s3_q5_gen2_sug2.png__gen2_sug3.png","c2_3_397_s3_q5_gen2_sug2.png__gen2_sug3.png","c2_3","397","3","5","Which company appears most central by having consistently high interaction levels with multiple partners?","charts/c2_3/397/sum3_ques5","gen2_sug2.png","gen2_sug3.png"
"199","c2_3_397_s3_q2_gen2_sug3.png__gen1_sug1.png","c2_3_397_s3_q2_gen2_sug3.png__gen1_sug1.png","c2_3","397","3","2","How does Apple’s interaction strength compare with Samsung’s across the same set of partner companies?","charts/c2_3/397/sum3_ques2","gen2_sug3.png","gen1_sug1.png"
"200","c2_3_42_s1_q7_gen1_sug5.png__gen1_sug4.png","c2_3_42_s1_q7_gen1_sug5.png__gen1_sug4.png","c2_3","42","1","7","Do urine samples with unusually high calcium levels correspond to kidney stone diagnoses?","charts/c2_3/42/sum1_ques7","gen1_sug5.png","gen1_sug4.png"
"201","c2_3_462_s1_q1_gen1_sug1.png__gen2_sug1.png","c2_3_462_s1_q1_gen1_sug1.png__gen2_sug1.png","c2_3","462","1","1","How have Samsung’s global phone sales changed from Q1 ’10 through Q3 ’15?","charts/c2_3/462/sum1_ques1","gen1_sug1.png","gen2_sug1.png"
"202","c2_3_462_s1_q1_gen1_sug1.png__gen1_sug4.png","c2_3_462_s1_q1_gen1_sug1.png__gen1_sug4.png","c2_3","462","1","1","How have Samsung’s global phone sales changed from Q1 ’10 through Q3 ’15?","charts/c2_3/462/sum1_ques1","gen1_sug1.png","gen1_sug4.png"
"203","c2_3_462_s1_q2_gen1_sug1.png__gen1_sug2.png","c2_3_462_s1_q2_gen1_sug1.png__gen1_sug2.png","c2_3","462","1","2","Which company recorded the highest single-quarter phone sales across all reported periods?","charts/c2_3/462/sum1_ques2","gen1_sug1.png","gen1_sug2.png"
"204","c2_3_462_s1_q6_gen2_sug1.png__gen1_sug6.png","c2_3_462_s1_q6_gen2_sug1.png__gen1_sug6.png","c2_3","462","1","6","Which quarter shows the largest gap between the top-selling vendor and the lowest-selling vendor?","charts/c2_3/462/sum1_ques6","gen2_sug1.png","gen1_sug6.png"
"205","c2_3_462_s1_q8_gen1_sug2.png__gen1_sug3.png","c2_3_462_s1_q8_gen1_sug2.png__gen1_sug3.png","c2_3","462","1","8","Are there any quarters where LG’s phone sales noticeably dip relative to its surrounding periods?","charts/c2_3/462/sum1_ques8","gen1_sug2.png","gen1_sug3.png"
"206","c2_3_465_s1_q3_gen2_sug4.png__gen1_sug3.png","c2_3_465_s1_q3_gen2_sug4.png__gen1_sug3.png","c2_3","465","1","3","How does the total amount paid scale as party size increases from 1 to 6 guests?","charts/c2_3/465/sum1_ques3","gen2_sug4.png","gen1_sug3.png"
"207","c2_3_477_s1_q8_gen1_sug2.png__gen3_sug2.png","c2_3_477_s1_q8_gen1_sug2.png__gen3_sug2.png","c2_3","477","1","8","What proportion of all recorded votes is concentrated among the top five most-voted pizza places?","charts/c2_3/477/sum1_ques8","gen1_sug2.png","gen3_sug2.png"
"208","c2_3_71_s2_q5_gen1_sug2.png__gen2_sug3.png","c2_3_71_s2_q5_gen1_sug2.png__gen2_sug3.png","c2_3","71","2","5","Which regions have the fewest higher education institutions of any type?","charts/c2_3/71/sum2_ques5","gen1_sug2.png","gen2_sug3.png"